Customer ID,Age,Gender,Item Purchased,Category,Purchase Amount (USD),Location,Size,Color,Season,Review Rating,Subscription Status,Shipping Type,Discount Applied,Promo Code Used,Previous Purchases,Payment Method,Frequency of Purchases
2665,22,Female,Jewelry,Accessories,84,Illinois,L,Silver,Winter,3.2,No,Store Pickup,No,No,37,PayPal,Weekly
2666,70,Female,T-shirt,Clothing,71,Louisiana,L,Red,Winter,3.5,No,Store Pickup,No,No,4,Venmo,Weekly
2691,44,Female,Belt,Accessories,32,New Mexico,L,Yellow,Summer,4.7,No,Free Shipping,No,No,18,Bank Transfer,Weekly
2701,22,Female,T-shirt,Clothing,68,California,XL,Olive,Winter,3.2,No,Standard,No,No,36,Cash,Weekly
2704,56,Female,Scarf,Accessories,42,Tennessee,XL,Olive,Winter,4.4,No,Free Shipping,No,No,34,PayPal,Weekly
2705,52,Female,Dress,Clothing,54,Tennessee,L,Beige,Spring,3.4,No,Next Day Air,No,No,35,Debit Card,Weekly
2708,32,Female,Backpack,Accessories,88,Nebraska,M,Pink,Fall,4.2,No,Standard,No,No,19,Cash,Weekly
2709,57,Female,Dress,Clothing,94,Alabama,M,Teal,Summer,3.3,No,Store Pickup,No,No,44,Debit Card,Weekly
2717,47,Female,Shoes,Footwear,40,Colorado,L,Black,Spring,2.7,No,Store Pickup,No,No,21,Debit Card,Weekly
2729,26,Female,Skirt,Clothing,28,Florida,M,Pink,Winter,4.0,No,Express,No,No,17,Debit Card,Weekly
2765,63,Female,Sweater,Clothing,41,Arizona,XL,White,Spring,2.6,No,Next Day Air,No,No,2,Debit Card,Weekly
2770,32,Female,Shirt,Clothing,89,Oklahoma,L,Lavender,Fall,3.0,No,Standard,No,No,13,Cash,Weekly
2776,37,Female,Socks,Clothing,25,Montana,L,Red,Fall,3.6,No,Free Shipping,No,No,16,Debit Card,Weekly
2782,65,Female,Sandals,Footwear,39,Mississippi,M,Blue,Spring,4.6,No,Standard,No,No,33,PayPal,Weekly
2799,52,Female,Hoodie,Clothing,20,Rhode Island,XL,Red,Winter,4.8,No,Store Pickup,No,No,37,PayPal,Weekly
2817,43,Female,Skirt,Clothing,28,Maryland,M,Black,Spring,3.5,No,Free Shipping,No,No,45,Venmo,Weekly
2818,25,Female,Backpack,Accessories,65,South Carolina,XL,Yellow,Winter,3.4,No,Standard,No,No,6,Venmo,Weekly
2830,56,Female,Jewelry,Accessories,67,Arizona,XL,Teal,Fall,3.4,No,Next Day Air,No,No,47,Cash,Weekly
2838,65,Female,Shoes,Footwear,88,Alabama,M,Brown,Summer,4.5,No,Express,No,No,44,PayPal,Weekly
2839,51,Female,Jacket,Outerwear,50,Maine,M,Blue,Fall,3.7,No,Free Shipping,No,No,2,Bank Transfer,Weekly
2842,19,Female,Dress,Clothing,33,Ohio,XL,Magenta,Winter,3.0,No,2-Day Shipping,No,No,31,Cash,Weekly
2844,51,Female,Sweater,Clothing,26,Ohio,M,White,Summer,3.6,No,Store Pickup,No,No,41,Venmo,Weekly
2853,40,Female,Belt,Accessories,71,New York,M,Magenta,Spring,3.0,No,Store Pickup,No,No,30,Venmo,Weekly
2854,37,Female,Hat,Accessories,48,Pennsylvania,M,Magenta,Winter,3.2,No,Next Day Air,No,No,9,PayPal,Weekly
2861,28,Female,Shirt,Clothing,38,Rhode Island,M,Gold,Spring,2.9,No,Next Day Air,No,No,49,Bank Transfer,Weekly
2865,58,Female,Sweater,Clothing,43,Illinois,S,Maroon,Fall,3.6,No,Store Pickup,No,No,31,Venmo,Weekly
2870,57,Female,Socks,Clothing,58,Georgia,M,White,Summer,4.2,No,Standard,No,No,16,Bank Transfer,Weekly
2876,24,Female,Pants,Clothing,81,Kentucky,M,Pink,Fall,2.6,No,Free Shipping,No,No,14,Debit Card,Weekly
2884,22,Female,Socks,Clothing,48,Rhode Island,XL,Silver,Spring,3.2,No,Standard,No,No,10,PayPal,Weekly
2887,42,Female,Hat,Accessories,33,Utah,L,Blue,Spring,4.2,No,Free Shipping,No,No,29,PayPal,Weekly
2919,19,Female,Sunglasses,Accessories,73,New York,S,Black,Fall,4.9,No,Free Shipping,No,No,36,Cash,Weekly
2927,64,Female,Handbag,Accessories,82,Maryland,M,Gray,Winter,4.8,No,2-Day Shipping,No,No,9,Cash,Weekly
2936,58,Female,Sneakers,Footwear,27,North Carolina,XL,Gray,Spring,4.6,No,Standard,No,No,11,Venmo,Weekly
2937,31,Female,Skirt,Clothing,34,Washington,M,White,Spring,3.6,No,Express,No,No,46,PayPal,Weekly
2940,32,Female,Sweater,Clothing,46,Kentucky,M,Beige,Winter,4.3,No,Express,No,No,34,Venmo,Weekly
2943,54,Female,Socks,Clothing,63,Hawaii,M,Brown,Summer,2.6,No,Free Shipping,No,No,37,Bank Transfer,Weekly
2952,47,Female,Scarf,Accessories,99,Arkansas,L,Maroon,Fall,4.6,No,Free Shipping,No,No,14,Cash,Weekly
2980,31,Female,Jeans,Clothing,91,Louisiana,L,Olive,Fall,2.6,No,Next Day Air,No,No,14,PayPal,Weekly
2993,41,Female,Socks,Clothing,64,North Dakota,M,Charcoal,Spring,3.9,No,Store Pickup,No,No,25,Venmo,Weekly
3001,57,Female,Sandals,Footwear,70,Ohio,M,Lavender,Winter,3.7,No,Express,No,No,7,PayPal,Weekly
3006,18,Female,Shorts,Clothing,65,Alaska,XL,Brown,Spring,3.5,No,Express,No,No,5,Venmo,Weekly
3008,23,Female,Sunglasses,Accessories,60,New York,L,Lavender,Winter,3.0,No,Next Day Air,No,No,31,Venmo,Weekly
3009,39,Female,Shoes,Footwear,86,New Mexico,M,Gold,Winter,4.9,No,Free Shipping,No,No,19,PayPal,Weekly
3023,58,Female,Sandals,Footwear,26,Georgia,M,Lavender,Fall,4.0,No,Free Shipping,No,No,23,PayPal,Weekly
3034,22,Female,Sweater,Clothing,56,Alabama,L,Orange,Spring,2.6,No,Store Pickup,No,No,9,PayPal,Weekly
3058,67,Female,Backpack,Accessories,22,North Carolina,M,Blue,Spring,3.4,No,Next Day Air,No,No,26,Bank Transfer,Weekly
3068,70,Female,Belt,Accessories,22,Missouri,S,Gray,Spring,3.5,No,Free Shipping,No,No,2,Cash,Weekly
3069,32,Female,Boots,Footwear,40,California,M,Indigo,Winter,4.2,No,Express,No,No,4,Debit Card,Weekly
3095,22,Female,Sandals,Footwear,59,Georgia,M,Gray,Summer,2.7,No,Store Pickup,No,No,9,Cash,Weekly
3101,50,Female,Hat,Accessories,85,Vermont,L,Purple,Winter,3.9,No,Express,No,No,3,Bank Transfer,Weekly
3104,27,Female,Shirt,Clothing,37,Illinois,S,Peach,Winter,3.0,No,2-Day Shipping,No,No,42,Bank Transfer,Weekly
3114,46,Female,Shirt,Clothing,93,Nebraska,L,Green,Summer,2.6,No,Express,No,No,2,Debit Card,Weekly
3117,50,Female,Coat,Outerwear,66,Montana,L,Gray,Spring,3.7,No,Store Pickup,No,No,1,Venmo,Weekly
3122,63,Female,Hoodie,Clothing,38,Louisiana,L,Black,Fall,2.6,No,Standard,No,No,16,Venmo,Weekly
3135,35,Female,Boots,Footwear,66,Kentucky,L,Gray,Spring,4.4,No,Store Pickup,No,No,47,Bank Transfer,Weekly
3140,35,Female,Sunglasses,Accessories,85,Georgia,M,Olive,Winter,4.4,No,Next Day Air,No,No,4,Venmo,Weekly
3141,34,Female,Gloves,Accessories,44,Alaska,XL,Peach,Summer,4.6,No,Free Shipping,No,No,37,Bank Transfer,Weekly
3149,37,Female,Shorts,Clothing,35,West Virginia,L,Purple,Fall,4.3,No,Free Shipping,No,No,15,Venmo,Weekly
3170,35,Female,T-shirt,Clothing,59,Georgia,M,White,Fall,3.8,No,Free Shipping,No,No,3,Venmo,Weekly
3181,18,Female,Handbag,Accessories,88,Montana,L,Turquoise,Fall,3.8,No,Standard,No,No,46,PayPal,Weekly
3188,67,Female,Blouse,Clothing,72,Texas,L,Indigo,Winter,3.2,No,Free Shipping,No,No,28,Debit Card,Weekly
3199,61,Female,Gloves,Accessories,94,Pennsylvania,L,Peach,Winter,2.8,No,Free Shipping,No,No,39,Debit Card,Weekly
3209,61,Female,Jewelry,Accessories,30,Indiana,L,Indigo,Winter,3.3,No,2-Day Shipping,No,No,42,PayPal,Weekly
3213,27,Female,Sneakers,Footwear,22,Wyoming,M,Indigo,Winter,3.6,No,2-Day Shipping,No,No,21,Debit Card,Weekly
3217,39,Female,Hoodie,Clothing,85,Illinois,S,Olive,Winter,3.4,No,Next Day Air,No,No,18,Cash,Weekly
3218,44,Female,Sunglasses,Accessories,58,Oregon,M,Silver,Fall,3.4,No,Express,No,No,46,Venmo,Weekly
3238,61,Female,T-shirt,Clothing,57,Vermont,M,Gray,Summer,2.8,No,Express,No,No,4,Cash,Weekly
3243,45,Female,Socks,Clothing,74,Oregon,S,Beige,Fall,2.8,No,Express,No,No,17,Venmo,Weekly
3246,63,Female,Pants,Clothing,76,Kansas,M,Purple,Fall,3.2,No,Next Day Air,No,No,20,Cash,Weekly
3251,23,Female,Coat,Outerwear,90,Minnesota,M,Teal,Spring,2.9,No,2-Day Shipping,No,No,15,Venmo,Weekly
3262,48,Female,Belt,Accessories,52,Rhode Island,L,Cyan,Winter,3.4,No,Store Pickup,No,No,50,Debit Card,Weekly
3267,49,Female,Coat,Outerwear,74,Alabama,S,Gray,Winter,4.2,No,Next Day Air,No,No,33,Bank Transfer,Weekly
3276,43,Female,Pants,Clothing,88,Alabama,XL,Green,Summer,2.6,No,2-Day Shipping,No,No,2,Debit Card,Weekly
3279,59,Female,Dress,Clothing,70,Montana,M,Black,Summer,3.3,No,2-Day Shipping,No,No,18,Bank Transfer,Weekly
3286,58,Female,Hat,Accessories,31,Hawaii,XL,Magenta,Fall,4.6,No,Free Shipping,No,No,11,Cash,Weekly
3296,70,Female,Blouse,Clothing,34,West Virginia,S,Lavender,Summer,2.8,No,Next Day Air,No,No,15,Cash,Weekly
3323,52,Female,Sweater,Clothing,92,Indiana,XL,Orange,Winter,4.6,No,Next Day Air,No,No,43,PayPal,Weekly
3325,37,Female,T-shirt,Clothing,32,Missouri,S,Red,Fall,3.3,No,Standard,No,No,41,Venmo,Weekly
3355,42,Female,Skirt,Clothing,45,Maryland,M,Orange,Fall,2.8,No,Next Day Air,No,No,15,PayPal,Weekly
3380,61,Female,Handbag,Accessories,51,Tennessee,L,Turquoise,Summer,5.0,No,Store Pickup,No,No,40,Cash,Weekly
3383,34,Female,Sweater,Clothing,35,Nebraska,M,Maroon,Spring,2.8,No,Express,No,No,2,Bank Transfer,Weekly
3412,29,Female,Shoes,Footwear,56,New York,L,Gray,Winter,4.9,No,2-Day Shipping,No,No,45,Cash,Weekly
3422,57,Female,Shoes,Footwear,30,New Jersey,M,Maroon,Summer,2.9,No,Free Shipping,No,No,27,PayPal,Weekly
3430,27,Female,Skirt,Clothing,96,Alaska,S,Purple,Winter,4.6,No,Express,No,No,34,Debit Card,Weekly
3441,45,Female,Handbag,Accessories,63,Maryland,L,Magenta,Fall,4.3,No,2-Day Shipping,No,No,2,PayPal,Weekly
3443,28,Female,Skirt,Clothing,78,Michigan,M,Violet,Spring,4.3,No,Next Day Air,No,No,12,PayPal,Weekly
3447,51,Female,Boots,Footwear,55,Louisiana,S,Purple,Spring,5.0,No,2-Day Shipping,No,No,20,Cash,Weekly
3466,19,Female,Backpack,Accessories,53,Iowa,M,Gold,Spring,3.4,No,Standard,No,No,31,Debit Card,Weekly
3473,31,Female,Blouse,Clothing,42,Georgia,S,White,Summer,4.0,No,Free Shipping,No,No,15,Debit Card,Weekly
3474,63,Female,Dress,Clothing,40,Kansas,M,Cyan,Spring,2.5,No,Express,No,No,11,Cash,Weekly
3477,68,Female,Boots,Footwear,99,South Carolina,XL,Orange,Summer,3.2,No,Free Shipping,No,No,11,Cash,Weekly
3483,66,Female,Gloves,Accessories,61,Hawaii,M,Gold,Winter,3.9,No,Next Day Air,No,No,35,Debit Card,Weekly
3487,51,Female,Shorts,Clothing,89,North Carolina,L,Charcoal,Winter,4.9,No,Standard,No,No,6,PayPal,Weekly
3496,24,Female,Shorts,Clothing,33,Georgia,XL,Gray,Spring,2.8,No,Free Shipping,No,No,14,Cash,Weekly
3502,53,Female,Shoes,Footwear,87,Nebraska,M,Silver,Fall,4.8,No,Standard,No,No,43,Bank Transfer,Weekly
3504,31,Female,Shirt,Clothing,96,Nebraska,M,Pink,Spring,3.9,No,Free Shipping,No,No,39,Cash,Weekly
3509,52,Female,Pants,Clothing,54,Pennsylvania,M,Gray,Fall,4.7,No,Standard,No,No,49,Bank Transfer,Weekly
3522,52,Female,Shoes,Footwear,50,Maryland,M,Pink,Winter,3.7,No,Store Pickup,No,No,35,Venmo,Weekly
3528,25,Female,Blouse,Clothing,97,Washington,S,Charcoal,Spring,4.7,No,Free Shipping,No,No,1,Cash,Weekly
3530,55,Female,T-shirt,Clothing,20,Montana,S,Maroon,Winter,3.9,No,Next Day Air,No,No,43,Bank Transfer,Weekly
3531,62,Female,Sunglasses,Accessories,45,Oklahoma,L,Black,Spring,3.4,No,Express,No,No,37,PayPal,Weekly
3535,65,Female,Shoes,Footwear,83,Delaware,M,Gray,Fall,3.2,No,Express,No,No,7,Cash,Weekly
3541,24,Female,Shorts,Clothing,95,Nevada,M,Magenta,Spring,4.6,No,Free Shipping,No,No,5,Bank Transfer,Weekly
3543,62,Female,Coat,Outerwear,28,Idaho,S,Olive,Spring,4.2,No,Express,No,No,5,Venmo,Weekly
3551,63,Female,Shoes,Footwear,74,West Virginia,S,Orange,Winter,4.8,No,Standard,No,No,32,Cash,Weekly
3552,66,Female,Gloves,Accessories,31,Montana,L,Black,Spring,2.6,No,Store Pickup,No,No,20,Venmo,Weekly
3554,62,Female,Shoes,Footwear,99,Minnesota,M,Charcoal,Spring,4.9,No,Free Shipping,No,No,32,Bank Transfer,Weekly
3563,47,Female,Sneakers,Footwear,36,Maryland,M,Cyan,Winter,3.4,No,Free Shipping,No,No,7,Bank Transfer,Weekly
3578,66,Female,Belt,Accessories,35,Missouri,S,Yellow,Winter,2.6,No,Standard,No,No,13,Bank Transfer,Weekly
3600,37,Female,Scarf,Accessories,34,Kansas,S,Peach,Spring,4.6,No,Express,No,No,4,Cash,Weekly
3604,45,Female,Jeans,Clothing,51,Louisiana,M,Gold,Spring,2.7,No,Free Shipping,No,No,5,Cash,Weekly
3620,44,Female,Scarf,Accessories,75,North Carolina,S,Magenta,Winter,4.9,No,2-Day Shipping,No,No,50,Venmo,Weekly
3624,39,Female,Jewelry,Accessories,89,Arkansas,M,Violet,Winter,2.7,No,2-Day Shipping,No,No,4,PayPal,Weekly
3626,44,Female,Scarf,Accessories,99,Illinois,L,Green,Winter,4.4,No,Express,No,No,32,PayPal,Weekly
3631,65,Female,Hat,Accessories,73,Oklahoma,M,Lavender,Winter,4.8,No,Store Pickup,No,No,29,Cash,Weekly
3637,50,Female,Sandals,Footwear,38,California,L,Lavender,Summer,4.2,No,2-Day Shipping,No,No,36,Cash,Weekly
3645,35,Female,Blouse,Clothing,32,Arkansas,M,Violet,Winter,2.6,No,Next Day Air,No,No,18,Venmo,Weekly
3648,47,Female,Shorts,Clothing,45,Kansas,M,Gray,Winter,2.9,No,Store Pickup,No,No,12,Bank Transfer,Weekly
3663,69,Female,Shorts,Clothing,80,Rhode Island,M,Indigo,Spring,4.9,No,Next Day Air,No,No,11,Debit Card,Weekly
3692,63,Female,Sandals,Footwear,21,Michigan,XL,Orange,Summer,4.8,No,Next Day Air,No,No,24,PayPal,Weekly
3694,66,Female,Blouse,Clothing,46,South Dakota,M,Violet,Summer,4.7,No,2-Day Shipping,No,No,10,Venmo,Weekly
3698,55,Female,Hoodie,Clothing,66,Pennsylvania,L,Pink,Winter,3.0,No,Standard,No,No,39,Cash,Weekly
3700,51,Female,Backpack,Accessories,55,Oklahoma,M,Olive,Fall,2.6,No,Store Pickup,No,No,24,Bank Transfer,Weekly
3703,58,Female,Shoes,Footwear,65,South Carolina,M,Indigo,Spring,2.7,No,Store Pickup,No,No,36,Venmo,Weekly
3708,35,Female,Gloves,Accessories,79,Illinois,M,Gold,Fall,3.4,No,2-Day Shipping,No,No,19,Venmo,Weekly
3753,24,Female,Coat,Outerwear,81,Washington,L,Pink,Winter,4.1,No,2-Day Shipping,No,No,43,Venmo,Weekly
3758,61,Female,Skirt,Clothing,44,California,L,Red,Fall,4.5,No,2-Day Shipping,No,No,33,Cash,Weekly
3761,65,Female,Socks,Clothing,80,Connecticut,M,Peach,Fall,3.1,No,Next Day Air,No,No,36,PayPal,Weekly
3771,23,Female,Pants,Clothing,42,Montana,L,Black,Summer,4.0,No,Store Pickup,No,No,34,Bank Transfer,Weekly
3778,43,Female,Shorts,Clothing,65,Utah,M,Maroon,Fall,4.3,No,Express,No,No,9,Cash,Weekly
3787,31,Female,Boots,Footwear,47,Tennessee,L,Yellow,Fall,3.6,No,2-Day Shipping,No,No,22,Venmo,Weekly
3792,40,Female,Sunglasses,Accessories,51,Texas,M,Gray,Spring,3.7,No,Store Pickup,No,No,1,Venmo,Weekly
3795,44,Female,Scarf,Accessories,82,South Dakota,M,Violet,Summer,3.6,No,2-Day Shipping,No,No,27,Venmo,Weekly
3796,45,Female,Gloves,Accessories,92,Arkansas,M,Charcoal,Spring,2.5,No,Express,No,No,3,Cash,Weekly
3804,48,Female,Handbag,Accessories,55,Connecticut,M,Violet,Spring,3.6,No,Standard,No,No,14,Debit Card,Weekly
3807,18,Female,Boots,Footwear,71,Missouri,M,Teal,Spring,3.0,No,Standard,No,No,41,PayPal,Weekly
3824,50,Female,Shirt,Clothing,42,California,M,Gold,Summer,3.0,No,Standard,No,No,27,Bank Transfer,Weekly
3829,42,Female,Blouse,Clothing,82,Mississippi,M,Charcoal,Spring,3.4,No,Free Shipping,No,No,8,Cash,Weekly
3833,64,Female,Boots,Footwear,38,Kansas,XL,Purple,Winter,4.8,No,2-Day Shipping,No,No,27,Cash,Weekly
3853,65,Female,Hat,Accessories,79,Mississippi,M,Peach,Fall,4.0,No,2-Day Shipping,No,No,19,PayPal,Weekly
3882,56,Female,Scarf,Accessories,25,Georgia,L,Silver,Spring,2.8,No,2-Day Shipping,No,No,17,Debit Card,Weekly
3885,47,Female,Sandals,Footwear,29,Maryland,M,Brown,Fall,4.9,No,Express,No,No,3,PayPal,Weekly
3896,40,Female,Hoodie,Clothing,28,Virginia,L,Turquoise,Summer,4.2,No,2-Day Shipping,No,No,32,Venmo,Weekly
3899,44,Female,Shoes,Footwear,77,Minnesota,S,Brown,Summer,3.8,No,Express,No,No,24,Venmo,Weekly
